timestamp,team1_name1,team1_name2,team1_name3,score1,team2_name1,team2_name2,team2_name3,score2
2026-02-01T03:23:19.416000+00:00,shan,popop,stella,2,jib,toph,kami,5
2026-02-01T03:23:19.416000+00:00,shan,popop,stella,2,jib,toph,kami,5
2026-02-01T03:37:25.209000+00:00,shan,popop,hawk,3,kami,toph,jinsye,5
2026-02-01T03:37:25.209000+00:00,shan,popop,hawk,5,kami,toph,jinsye,4
2026-02-01T03:42:17.681000+00:00,kami,jinsye,hawk,5,jib,toph,nae,2
2026-02-01T03:54:58.463000+00:00,shan,toph,nae,1,jib,popop,jinsye,5
2026-02-01T03:54:58.463000+00:00,shan,toph,nae,5,jib,popop,jinsye,3
2026-02-01T04:05:23.823000+00:00,shan,popop,nae,2,jib,kami,hawk,5
2026-02-01T04:05:23.823000+00:00,shan,popop,nae,3,jib,kami,hawk,5
2026-02-01T04:13:15.429000+00:00,shan,jinsye,nae,2,jib,hawk,kami,5
2026-02-01T04:20:46.468000+00:00,kami,hawk,anon,5,toph,jinsye,nae,4
2026-02-01T04:25:44.793000+00:00,shan,kaiferno,kami,5,toph,anon,jinsye,2
2026-02-01T04:25:44.793000+00:00,shan,kaiferno,kami,1,toph,anon,jinsye,5
2026-02-01T04:25:44.793000+00:00,shan,kaiferno,kami,4,toph,anon,jinsye,5
2026-02-01T04:25:44.793000+00:00,shan,kaiferno,kami,4,toph,anon,jinsye,5
2026-02-01T05:34:22.286000+00:00,shan,kaiferno,mai,5,kami,jinsye,stella,3
2026-02-01T05:34:22.286000+00:00,shan,kaiferno,mai,5,kami,jinsye,stella,3
2026-02-01T05:45:01.527000+00:00,shan,kaiferno,mai,5,neptune,toph,ash,3
2026-02-01T05:45:01.527000+00:00,shan,kaiferno,mai,4,neptune,toph,ash,5
2026-02-01T06:11:35.182000+00:00,popop,mai,toph,1,neptune,kami,shan,2
2026-02-01T06:11:35.182000+00:00,popop,mai,toph,5,neptune,kami,shan,4
2026-02-01T18:08:59.801000+00:00,kami,jinsye,ash,5,gentle,popop,neptune,4
2026-02-01T18:08:59.801000+00:00,kami,jinsye,ash,3,gentle,popop,neptune,5
2026-02-01T18:23:13.224000+00:00,jib,jinsye,ash,5,neptune,gentle,nae,4
2026-02-01T18:23:13.224000+00:00,jib,jinsye,ash,3,neptune,gentle,nae,5
2026-02-01T18:37:12.557000+00:00,jib,kami,ash,3,gentle,popop,nae,4
2026-02-01T18:41:15.407000+00:00,kami,anon,jinsye,0,jib,popop,nae,5
2026-02-01T18:48:53.145000+00:00,popop,anon,jinsye,5,jib,nae,ash,2
2026-02-01T18:53:05.689000+00:00,hawk,anon,ash,2,ella,jinsye,nae,5
2026-02-01T19:01:10.980000+00:00,nae,ella,ash,5,jib,anon,hawk,3
2026-02-01T19:08:28.168000+00:00,nae,ella,rxob,5,jib,anon,hawk,3
2026-02-01T19:14:53.227000+00:00,kami,hawk,ella,2,jib,anon,rxob,5
2026-02-01T19:14:53.227000+00:00,kami,hawk,ella,5,jib,anon,rxob,1
2026-02-02T03:39:30.826000+00:00,shan,jinsye,hawk,5,rxob,pikeman,stella,4
2026-02-02T03:39:30.826000+00:00,shan,jinsye,hawk,4,rxob,pikeman,stella,5
2026-02-02T03:48:31.725000+00:00,shan,jinsye,kami,5,aster,pikeman,stella,1
2026-02-02T03:48:31.725000+00:00,shan,jinsye,kami,5,aster,pikeman,stella,2
2026-02-02T03:56:02.504000+00:00,shan,aster,stella,4,pikeman,hawk,rxob,5
2026-02-02T03:56:02.504000+00:00,shan,aster,stella,5,pikeman,hawk,rxob,3
2026-02-02T04:08:57.496000+00:00,toph,shan,rxob,5,aster,jinsye,hawk,4
2026-02-02T04:08:57.496000+00:00,toph,shan,rxob,5,aster,jinsye,hawk,0
2026-02-02T04:14:42.583000+00:00,pikeman,jinsye,hawk,5,rxob,toph,aster,3
2026-02-02T04:19:34.363000+00:00,aster,toph,hawk,5,pikeman,popop,jinsye,4
2026-02-02T04:33:48.141000+00:00,aster,shan,hawk,3,pikeman,popop,jinsye,5
2026-02-02T04:33:48.141000+00:00,aster,shan,hawk,5,pikeman,popop,jinsye,3
2026-02-02T04:47:08.099000+00:00,pikeman,shan,aster,5,akil,popop,jinsye,4
2026-02-02T04:47:08.099000+00:00,pikeman,shan,aster,2,akil,popop,jinsye,5
2026-02-02T04:55:18.787000+00:00,akil,popop,hawk,5,pikeman,aster,ash,2
2026-02-02T05:01:16.202000+00:00,shan,pikeman,ash,4,aster,popop,hawk,5
2026-02-02T05:09:18.805000+00:00,shan,pikeman,ash,4,aster,jinsye,hawk,5
2026-02-02T05:15:59.865000+00:00,shan,jinsye,ash,5,pikeman,jinsye,hawk,4
2026-02-02T10:33:12.690000+00:00,gentle,stella,nae,3,shan,popop,katie,5
2026-02-02T10:37:57.976000+00:00,gentle,stella,nae,1,shan,popop,katie,5
2026-02-02T10:42:01.862000+00:00,gentle,shan,nae,5,popop,katie,stella,1
2026-02-02T10:46:27.059000+00:00,gentle,popop,katie,5,shan,nae,stella,2
2026-02-02T10:50:13.570000+00:00,gentle,popop,katie,4,shan,nae,stella,5
2026-02-02T10:52:32.497000+00:00,gentle,popop,katie,5,shan,nae,stella,0
2026-02-02T10:57:45.100000+00:00,gentle,katie,stella,2,popop,shan,nae,5
2026-02-02T16:56:34.692000+00:00,baps,popop,pikeman,5,kami,ella,hawk,4
2026-02-02T17:01:18.265000+00:00,baps,pikeman,neptune,5,kami,ella,hawk,2
2026-02-02T17:08:40.966000+00:00,baps,pikeman,neptune,5,gentle,kami,popop,2
2026-02-02T17:16:50.596000+00:00,gentle,popop,neptune,5,baps,pikeman,hawk,4
2026-02-02T17:22:20.746000+00:00,gentle,popop,ash,1,pikeman,ella,hawk,5
2026-02-02T17:29:42.200000+00:00,gentle,popop,ash,5,pikeman,ella,hawk,2
2026-02-02T17:40:24.953000+00:00,pikeman,ella,neptune,4,gentle,ash,hawk,5
2026-02-02T17:48:24.702000+00:00,pikeman,wraith,neptune,5,gentle,ella,hawk,3
2026-02-02T17:53:31.168000+00:00,pikeman,wraith,ash,3,gentle,ella,hawk,5
2026-02-02T17:59:19.218000+00:00,pikeman,wraith,ash,3,gentle,ella,hawk,5
2026-02-02T18:02:13.779000+00:00,pikeman,nae,wraith,5,gentle,ash,neptune,0
2026-02-02T18:05:23.632000+00:00,pikeman,nae,wraith,5,gentle,ash,neptune,0
2026-02-02T18:10:45.433000+00:00,gentle,nae,ash,1,aster,neptune,hawk,5
2026-02-02T18:17:43.273000+00:00,jib,nae,ash,4,aster,neptune,hawk,5
2026-02-02T18:25:28.117000+00:00,jib,nae,neptune,3,aster,pikeman,ash,5
2026-02-02T18:30:47.083000+00:00,jib,nae,ash,3,aster,neptune,hawk,5
2026-02-02T18:35:34.723000+00:00,jib,kami,neptune,0,aster,pikeman,nae,5
2026-02-02T18:42:02.912000+00:00,kami,ash,hawk,4,aster,nae,eri,5
2026-02-02T18:50:58.152000+00:00,pikeman,ash,hawk,5,aster,popop,nae,2
2026-02-02T19:02:04.118000+00:00,popop,hawk,rxob,1,aster,eri,ash,5
2026-02-02T23:39:31.567000+00:00,jib,hawk,mai,4,kami,ella,aster,5
2026-02-02T23:45:32.471000+00:00,jib,hawk,mai,5,kami,aster,wraith,2
2026-02-02T23:59:48.139000+00:00,shan,baps,mai,5,jib,ella,hawk,2
2026-02-03T00:10:37.241000+00:00,shan,baps,mai,5,jib,ella,hawk,1
2026-02-03T00:14:36.274000+00:00,shan,baps,hawk,5,jib,ella,mai,1
2026-02-03T00:23:41.545000+00:00,shan,baps,mai,3,kami,ella,hawk,5
2026-02-03T00:48:03.228000+00:00,shan,kaiferno,mai,2,kami,ella,hawk,5
2026-02-03T00:48:04.698000+00:00,shan,kaiferno,mai,1,kami,ella,hawk,5
2026-02-03T00:48:05.425000+00:00,shan,kaiferno,mai,1,kami,ella,hawk,5
2026-02-03T00:48:09.625000+00:00,shan,kaiferno,mai,5,kami,ella,hawk,2
2026-02-03T02:54:24.495000+00:00,pikeman,shan,akil,5,kami,ella,hawk,1
2026-02-03T02:54:25.690000+00:00,pikeman,shan,akil,4,kami,ella,hawk,5
2026-02-03T02:54:26.276000+00:00,pikeman,shan,akil,5,kami,ella,hawk,4
2026-02-03T02:58:51.536000+00:00,shan,kaiferno,jinsye,5,pikeman,ella,hawk,3
2026-02-03T03:08:50.896000+00:00,jib,kaiferno,jinsye,4,pikeman,ella,hawk,5
2026-02-03T03:15:44.842000+00:00,jib,kaiferno,jinsye,4,pikeman,ella,hawk,5
2026-02-03T03:25:09.345000+00:00,shan,kaiferno,jinsye,5,jib,toph,ella,0
2026-02-03T03:25:15.280000+00:00,shan,kaiferno,jinsye,5,pikeman,toph,ella,1
2026-02-03T03:30:13.866000+00:00,shan,kaiferno,hawk,5,pikeman,toph,ella,4
2026-02-03T03:35:19.402000+00:00,jib,hawk,jinsye,0,pikeman,toph,ella,5
2026-02-03T05:46:27.501000+00:00,shan ,ella,jinsye,5,jib,hawk,kami,2
2026-02-03T13:42:36.409000+00:00,gentle,katie,nae,5,neptune,ella,stella,3
2026-02-03T13:58:59.280000+00:00,neptune,gentle,wraith,5,baps,ella,stella,1
2026-02-03T14:05:16.120000+00:00,neptune,gentle,wraith,5,baps,ella,katie,2
2026-02-03T14:09:22.271000+00:00,neptune,gentle,ella,5,baps,wraith,katie,1
2026-02-03T14:38:27.646000+00:00,gentle,popop,ash,5,baps,wraith,neptune,3
2026-02-03T14:38:29.349000+00:00,gentle,popop,ash,5,baps,wraith,neptune,2
2026-02-03T14:38:30.942000+00:00,gentle,popop,ash,5,baps,wraith,neptune,4
2026-02-03T14:42:38.181000+00:00,gentle,popop,ash,5,baps,wraith,neptune,1
2026-02-03T14:49:21.949000+00:00,gentle,popop,ash,4,baps,wraith,neptune,5
2026-02-03T14:55:07.266000+00:00,gentle,popop,ash,2,baps,wraith,neptune,5
2026-02-03T19:43:32.398000+00:00,baps,wraith,akil,4,gentle,ella,kami,5
2026-02-03T19:50:29.330000+00:00,baps,wraith,akil,5,gentle,kami,hawk,2
2026-02-03T19:57:30.473000+00:00,akil,baps,wraith,3,kami,gentle,hawk,5
2026-02-03T20:06:52.855000+00:00,baps,ella,hawk,3,gentle,wraith,anon,5
2026-02-03T20:12:15.692000+00:00,baps,ella,hawk,3,gentle,wraith,anon,5
2026-02-03T20:18:31.283000+00:00,baps,ella,anon,4,gentle,wraith,hawk,5
2026-02-04T03:23:59.218000+00:00,jib,rxob,akil,5,kami,kaiferno,mai,1
2026-02-04T03:27:05.905000+00:00,jib,rxob,akil,5,kami,kaiferno,mai,2
2026-02-04T03:33:54.206000+00:00,jib,rxob,akil,5,kami,kaiferno,nae,3
2026-02-04T15:14:02.691000+00:00,baps,pikeman,ella,5,gentle,popop,katie,2
2026-02-04T15:14:03.730000+00:00,baps,pikeman,ella,5,gentle,popop,katie,2
2026-02-04T15:23:32.672000+00:00,baps,pikeman,ella,5,gentle,popop,katie,4
2026-02-04T15:29:20.826000+00:00,baps,pikeman,ella,5,gentle,popop,katie,4
2026-02-04T15:34:04.114000+00:00,kami,pikeman,ella,4,gentle,popop,katie,5
2026-02-04T15:41:36.233000+00:00,kami,pikeman,ella,3,gentle,popop,katie,5
2026-02-04T16:02:36.351000+00:00,gentle,baps,nae,4,neptune,pikeman,ella,5
2026-02-04T16:03:07.744000+00:00,gentle,baps,nae,3,pikeman,ella,ash,5
2026-02-04T16:03:09.041000+00:00,gentle,baps,nae,3,pikeman,ella,ash,5
2026-02-04T16:03:09.684000+00:00,gentle,baps,nae,3,pikeman,ella,ash,5
2026-02-04T16:16:23.598000+00:00,gentle,popop,katie,0,pikeman,ella,hawk,5
2026-02-04T16:16:24.713000+00:00,gentle,popop,katie,4,pikeman,ella,hawk,5
2026-02-04T16:16:27.167000+00:00,gentle,popop,katie,5,pikeman,ella,hawk,3
2026-02-04T16:26:23.703000+00:00,aster,popop,katie,3,pikeman,ella,hawk,5
2026-02-04T16:26:25.464000+00:00,aster,popop,katie,2,pikeman,ella,hawk,5
2026-02-04T17:06:34.309000+00:00,wraith,hawk,nae,5,popop,kaiferno,ash,0
2026-02-04T17:16:33.073000+00:00,kaiferno,popop,hawk,2,wraith,mai,ash,5
2026-02-04T17:23:02.115000+00:00,shan,wraith,ash,5,popop,hawk,mai,1
2026-02-04T17:30:17.351000+00:00,kaiferno,hawk,mai,5,shan,nae,ash,2
2026-02-04T17:34:00.705000+00:00,kaiferno,hawk,mai,1,eri,nae,ash,5
2026-02-04T17:37:29.489000+00:00,jib,kaiferno,mai,0,wraith,eri,nae,5
2026-02-04T17:41:55.386000+00:00,jib,kaiferno,mai,2,wraith,eri,nae,5
2026-02-04T17:50:38.333000+00:00,wraith,eri,hawk,5,jib,baps,mai,4
2026-02-04T17:51:03.462000+00:00,wraith,eri,hawk,5,jib,baps,mai,0
2026-02-04T17:56:46.409000+00:00,wraith,eri,hawk,3,jib,baps,mai,5
2026-02-04T18:05:01.028000+00:00,wraith,baps,hawk,5,jib,eri,mai,3
2026-02-04T18:19:30.284000+00:00,wraith,baps,hawk,5,eri,ella,mai,4
2026-02-05T00:19:48.171000+00:00,kami,gentle,jib,1,aster,kaiferno,rxob,5
2026-02-05T00:25:28.444000+00:00,kami,gentle,jib,2,aster,kaiferno,rxob,5
2026-02-05T00:33:35.422000+00:00,jib,gentle,shan,5,aster,kaiferno,hawk,4
2026-02-05T00:39:44.071000+00:00,jib,gentle,shan,3,aster,kaiferno,hawk,5
2026-02-05T00:55:10.922000+00:00,akil,popop,wraith,4,toph,ella,nae,5
2026-02-05T00:56:14.172000+00:00,akil,popop,wraith,0,kami,toph,nae,5
2026-02-05T00:58:10.777000+00:00,akil,ella,wraith,5,kami,toph,nae,3
2026-02-05T00:58:34.422000+00:00,shan,jib,aster,4,gentle,kaiferno,hawk,5
2026-02-05T00:58:38.731000+00:00,jib,shan,aster,5,gentle,kaiferno,hawk,4
2026-02-05T01:07:29.662000+00:00,gentle,kaiferno,hawk,5,jib,toph,kami,1
2026-02-05T01:07:35.497000+00:00,gentle,wraith,hawk,5,jib,toph,kami,1
2026-02-05T01:12:26.566000+00:00,gentle,popop,hawk,5,jib,toph,wraith,2
2026-02-05T02:39:24.120000+00:00,gentle,popop,mai,5,kaiferno,toph,stella,4
2026-02-05T02:44:34.378000+00:00,gentle,toph,stella,5,shan,kaiferno,mai,2
2026-02-05T02:59:22.496000+00:00,popop,toph,mai,5,akil,gentle,stella,3
2026-02-05T03:05:37.769000+00:00,popop,toph,ash,2,akil,gentle,stella,5
2026-02-05T03:10:58.392000+00:00,popop,toph,ash,2,akil,gentle,stella,5
2026-02-05T03:18:50.759000+00:00,kami,ash,popop,0,akil,toph,mai,5
2026-02-05T03:18:50.759000+00:00,kami,ash,popop,5,akil,toph,mai,3
2026-02-05T03:32:20.047000+00:00,kami,ash,popop,4,gentle,akil,mai,5
2026-02-05T03:32:29.033000+00:00,kami,toph,ash,3,gentle,mai,popop,5
2026-02-05T03:37:23.017000+00:00,kami,toph,ash,3,gentle,mai,popop,5
2026-02-05T03:45:09.460000+00:00,kami,toph,ash,5,gentle,mai,popop,4
2026-02-05T21:09:37.599000+00:00,baps,hawk,ash,5,kami,wraith,katie,4
2026-02-06T18:29:36.554000+00:00,mai,danny,ash,1,neptune,toph,jinsye,5
2026-02-06T18:38:00.950000+00:00,popop,anon,danny,3,toph,jinsye,ash,5
2026-02-06T18:42:32.379000+00:00,popop,anon,danny,1,toph,jinsye,ash,5
2026-02-06T18:48:15.328000+00:00,neptune,anon,danny,2,toph,mai,ash,5
2026-02-06T18:53:44.146000+00:00,neptune,anon,danny,2,toph,mai,ash,5
2026-02-06T19:10:59.398000+00:00,neptune,danny,anon,5,popop,mai,jinsye,2
2026-02-06T19:11:29.886000+00:00,toph,danny,anon,5,popop,mai,jinsye,1
2026-02-06T19:25:36.354000+00:00,neptune,popop,toph,5,pikeman,danny,anon,3
2026-02-06T19:25:44.385000+00:00,toph,popop,neptune,5,pikeman,danny,anon,4
2026-02-06T19:26:26.904000+00:00,toph,popop,ash,3,neptune,danny,anon,5
2026-02-06T19:44:42.398000+00:00,gentle,anon,wraith,5,pikeman,popop,ella,4
2026-02-06T19:51:17.549000+00:00,gentle,anon,wraith,5,pikeman,popop,ella,4
2026-02-06T19:58:21.378000+00:00,pikeman,danny,anon,2,toph,ella,popop,5
2026-02-06T20:02:21.336000+00:00,pikeman,danny,anon,2,toph,ella,popop,5
2026-02-06T20:13:15.150000+00:00,pikeman,danny,anon,4,gentle,toph,wraith,5
2026-02-06T20:14:56.290000+00:00,pikeman,danny,anon,3,gentle,toph,wraith,5
2026-02-06T20:21:15.359000+00:00,pikeman,danny,anon,2,gentle,toph,popop,5
2026-02-06T20:25:54.072000+00:00,pikeman,danny,anon,5,gentle,toph,popop,4
2026-02-06T20:31:53.496000+00:00,pikeman,danny,anon,3,gentle,popop,wraith,5
2026-02-06T20:35:29.241000+00:00,pikeman,danny,anon,3,gentle,popop,wraith,5
2026-02-06T20:40:32.054000+00:00,pikeman,danny,anon,3,gentle,wraith,eri,5
2026-02-06T20:47:34.491000+00:00,pikeman,danny,anon,5,gentle,wraith,eri,4
2026-02-06T20:53:44.901000+00:00,toph,danny,wraith,5,gentle,eri,katie,1
2026-02-06T20:59:03.304000+00:00,toph,danny,wraith,5,gentle,eri,katie,4
2026-02-06T21:04:00.694000+00:00,neptune,toph,eri,5,gentle,katie,pikeman,2
2026-02-06T21:07:41.937000+00:00,pikeman,wraith,eri,5,gentle,toph,katie,2
2026-02-06T21:12:51.968000+00:00,pikeman,wraith,eri,5,gentle,toph,katie,0
2026-02-06T21:17:15.108000+00:00,gentle,wraith,katie,5,pikeman,toph,eri,3
2026-02-06T21:22:09.381000+00:00,gentle,wraith,katie,2,pikeman,toph,eri,5
2026-02-07T00:16:48.551000+00:00,shan,jib,pikeman,5,toph,stella,akil,4
2026-02-07T00:16:50.312000+00:00,shan,jib,pikeman,5,toph,stella,akil,4
2026-02-07T00:17:02.910000+00:00,shan,jib,mai,3,toph,akil,jinsye,5
2026-02-07T00:21:16.268000+00:00,shan,jib,mai,5,toph,akil,jinsye,3
2026-02-07T00:28:35.218000+00:00,shan,pikeman,mai,5,toph,jinsye,stella,4
2026-02-07T00:31:57.994000+00:00,shan,pikeman,mai,2,toph,jinsye,stella,5
2026-02-07T00:36:41.734000+00:00,jib,akil,stella,5,pikeman,shan,mai,1
2026-02-07T00:40:58.496000+00:00,jib,akil,stella,5,pikeman,shan,mai,4
2026-02-07T02:52:55.434000+00:00,shan,danny,mai,5,pikeman,aster,anon,4
2026-02-07T02:53:02.392000+00:00,shan,aster,mai,3,pikeman,danny,anon,5
2026-02-07T02:59:01.361000+00:00,shan,toph,aster,5,pikeman,danny,anon,4
2026-02-07T03:06:27.057000+00:00,shan,toph,mai,4,aster,danny,anon,5
2026-02-07T03:11:52.472000+00:00,shan,toph,mai,3,aster,danny,anon,5
2026-02-07T03:15:09.305000+00:00,shan,toph,mai,2,aster,danny,anon,5
2026-02-07T03:21:31.846000+00:00,shan,toph,mai,5,aster,danny,anon,1
2026-02-07T03:26:10.656000+00:00,shan,toph,mai,3,aster,danny,anon,5
2026-02-07T03:31:09.431000+00:00,jib,toph,wraith,5,aster,danny,anon,3
2026-02-07T03:40:46.220000+00:00,jib,toph,wraith,5,aster,danny,anon,2
2026-02-07T03:45:21.180000+00:00,toph,wraith,mai,5,aster,danny,anon,0
2026-02-07T03:59:35.538000+00:00,wraith,anon,jinsye,5,shan,danny,mai,4
2026-02-07T04:03:51.649000+00:00,wraith,anon,jinsye,5,shan,danny,mai,4
2026-02-07T04:04:09.625000+00:00,shan,danny,mai,2,wraith,anon,jinsye,5
2026-02-07T04:13:04.967000+00:00,shan,danny,nae,3,akil,wraith,jinsye,5
2026-02-07T04:20:15.214000+00:00,shan,danny,nae,4,akil,wraith,jinsye,5
2026-02-07T04:22:06.305000+00:00,wraith,nae,anon,5,akil,danny,mai,2
2026-02-07T04:27:18.578000+00:00,wraith,nae,mai,5,akil,danny,anon,4
2026-02-07T04:31:47.367000+00:00,wraith,anon,mai,5,shan,jinsye,nae,1
2026-02-07T04:36:23.501000+00:00,wraith,anon,mai,3,shan,jinsye,nae,5
2026-02-07T04:40:50.382000+00:00,shan,wraith,anon,5,nae,toph,danny,0
2026-02-07T04:47:06.853000+00:00,wraith,danny,toph,5,shan,anon,nae,3
2026-02-07T04:52:54.618000+00:00,shan,kaiferno,jinsye,5,toph,danny,anon,3
2026-02-07T05:01:56.761000+00:00,shan,kaiferno,danny,5,jib,toph,anon,3
2026-02-07T05:22:52.626000+00:00,shan,kaiferno,anon,4,jib,popop,jinsye,5
2026-02-07T05:24:50.407000+00:00,shan,kaiferno,danny,5,jib,toph,anon,2
2026-02-07T15:33:58.158000+00:00,gentle,aster,ash,5,baps,kaiferno,akil,2
2026-02-07T15:41:55.714000+00:00,gentle,aster,ash,2,baps,kaiferno,akil,5
2026-02-07T15:46:32.591000+00:00,gentle,wraith,ash,2,aster,kaiferno,baps,5
2026-02-07T15:49:41.134000+00:00,gentle,wraith,ash,5,aster,kaiferno,baps,1
2026-02-07T15:56:57.102000+00:00,gentle,aster,ash,2,baps,wraith,nae,5
2026-02-07T16:02:30.761000+00:00,gentle,aster,ash,4,baps,wraith,nae,5
2026-02-07T16:10:59.865000+00:00,gentle,aster,ash,5,baps,wraith,nae,4
2026-02-07T16:16:48.808000+00:00,gentle,kaiferno,ash,2,aster,wraith,nae,5
2026-02-07T16:23:44.115000+00:00,gentle,kaiferno,ash,5,aster,wraith,nae,3
2026-02-07T16:28:45.814000+00:00,gentle,baps,hawk,0,aster,wraith,nae,5
2026-02-07T16:34:23.916000+00:00,baps,popop,hawk,5,aster,wraith,nae,3
2026-02-10T00:48:27.592000+00:00,pikeman,shan,saber,2,kami,ella,hawk,5
2026-02-10T00:48:27.968000+00:00,pikeman,shan,saber,5,kami,ella,hawk,2
2026-02-10T01:03:26.936000+00:00,pikeman,ash,shan,5,kami,ella,hawk,4
2026-02-10T01:03:27.865000+00:00,pikeman,ash,shan,4,kami,ella,hawk,5
2026-02-10T01:38:29.663000+00:00,hawk,toph,shan,5,kami,ella,pikeman,1
2026-02-10T01:38:30.071000+00:00,hawk,toph,shan,4,kami,ella,pikeman,5
2026-02-10T01:41:57.973000+00:00,kami,toph,katie,5,ella,pikeman,ash,2
2026-02-10T01:43:31.141000+00:00,kami,toph,katie,5,ella,pikeman,ash,0
2026-02-10T01:55:41.588000+00:00,hawk,shan,katie,4,ash,toph,kami,5
2026-02-10T01:55:42.258000+00:00,hawk,shan,katie,5,ash,toph,kami,3
2026-02-10T02:00:19.718000+00:00,hawk,shan,katie,0,pikeman,ella,ash,5
2026-02-10T02:28:48.457000+00:00,aster,ella,hawk,5,toph,anon,katie,2
2026-02-10T02:32:38.244000+00:00,aster,ella,hawk,5,toph,anon,katie,1
2026-02-10T02:32:48.371000+00:00,aster,hawk,katie,5,ella,anon,ash,2
2026-02-13T01:25:59.166000+00:00,kami,anon,ash,5,aster,eri,ema,4
2026-02-13T01:29:59.341000+00:00,kami,anon,ash,5,aster,eri,ema,2
2026-02-13T01:35:35.251000+00:00,kami,ema,stella,2,aster,anon,ella,5
2026-02-13T01:39:46.416000+00:00,kami,ema,stella,1,aster,anon,ella,5
2026-02-13T01:45:12.273000+00:00,akil,ema,ella,5,aster,ash,stella,3
2026-02-13T01:53:10.603000+00:00,akil,anon,ash,0,kami,ella,stella,5
2026-02-13T01:59:02.750000+00:00,akil,anon,rxob,5,kami,hawk,stella,1
2026-02-13T02:03:31.381000+00:00,akil,anon,rxob,5,kami,hawk,ash,3
2026-02-14T02:39:57.590000+00:00,akil,jinsye,shan,5,stella,toph,ella,3
2026-02-14T02:40:08.444000+00:00,akil,jinsye,shan,5,toph,ella,stella,3
2026-02-14T02:49:04.583000+00:00,hawk,toph,nae,1,akil,ella,stella,5
2026-02-14T02:50:33.997000+00:00,hawk,toph,jinsye,5,akil,ella,stella,1
2026-02-14T02:58:57.141000+00:00,hawk,shan,jinsye,3,akil,toph,stella,5
2026-02-14T02:58:57.591000+00:00,hawk,shan,jinsye,5,akil,toph,stella,3
2026-02-14T03:01:58.300000+00:00,hawk,shan,jinsye,5,ella,akil,nae,0
2026-02-14T03:09:59.710000+00:00,hawk,ella,anon,5,nae,shan,jinsye,3
2026-02-14T03:10:00.637000+00:00,hawk,ella,anon,5,nae,shan,jinsye,4
2026-02-14T03:17:31.491000+00:00,nae,toph,akil,5,hawk,ella,anon,1
2026-02-14T03:27:25.205000+00:00,katie,ella,anon,5,hawk,shan,akil,0
2026-02-14T03:27:26.037000+00:00,katie,ella,anon,4,hawk,shan,akil,5
2026-02-14T03:31:42.575000+00:00,neptune,shan,hawk,5,katie,ella,anon,3
2026-02-14T03:36:21.955000+00:00,neptune,shan,hawk,4,katie,ella,anon,5
2026-02-14T03:45:10.549000+00:00,hawk,shan,nae,5,neptune,anon,katie,3
2026-02-14T04:23:18.605000+00:00,hawk,wraith,shan,1,neptune,popop,anon,5
2026-02-14T04:23:20.142000+00:00,hawk,wraith,shan,1,neptune,popop,anon,5
2026-02-14T04:27:04.810000+00:00,hawk,popop,anon,4,nae,wraith,pikeman,5
2026-02-14T04:31:46.082000+00:00,nae,popop,pikeman,5,neptune,wraith,anon,0
2026-02-14T04:42:18.918000+00:00,katie,pikeman,shan,5,neptune,popop,anon,3
2026-02-14T04:42:25.789000+00:00,nae,pikeman,shan,5,katie,popop,anon,1
2026-02-14T04:50:01.917000+00:00,shan,wraith,katie,5,nae,pikeman,anon,2
2026-02-14T04:52:44.493000+00:00,neptune,popop,nae,0,wraith,anon,katie,5
2026-02-14T05:01:03.375000+00:00,shan,anon,katie,5,popop,neptune,nae,4
2026-02-14T05:10:07.916000+00:00,shan,ash,katie,5,rxob,popop,anon,4
2026-02-14T05:15:29.975000+00:00,shan,ash,katie,2,rxob,popop,anon,5
2026-02-14T05:25:43.102000+00:00,shan,rxob,nae,5,jib,popop,ash,2
2026-02-15T04:42:29.136000+00:00,jib,hawk,katie,1,wraith,anon,nae,5
2026-02-15T04:47:43.556000+00:00,jib,hawk,katie,5,wraith,anon,nae,4
2026-02-15T05:03:44.241000+00:00,jib,anon,mai,5,hawk,shan,katie,2
2026-02-15T05:03:50+00:00,jib,anon,mai,4,shan,hawk,katie,5
2026-02-15T05:08:03.007000+00:00,hawk,shan,katie,5,jib,anon,mai,3
2026-02-15T05:18:29.028000+00:00,shan,hawk,nae,5,jib,anon,mai,4
2026-02-15T05:18:35.530000+00:00,hawk,shan,nae,5,jib,anon,mai,3
2026-02-15T05:31:33.538000+00:00,neptune,shan,katie,3,jib,mai,nae,5
2026-02-15T05:31:34.889000+00:00,neptune,shan,katie,5,jib,mai,nae,4
2026-02-15T05:38:30.809000+00:00,jib,nae,neptune,5,hawk,anon,katie,0
2026-02-15T05:40:20.806000+00:00,jib,nae,katie,0,hawk,anon,neptune,5
2026-02-15T05:48:36.562000+00:00,hawk,shan,neptune,3,jib,anon,mai,5
2026-02-15T05:54:03.991000+00:00,hawk,shan,nae,5,jib,anon,mai,3
2026-02-15T06:04:35.152000+00:00,shan,nae,katie,2,jib,anon,mai,5
2026-02-15T06:04:35.491000+00:00,shan,nae,katie,5,jib,anon,mai,2
2026-02-15T06:10:09.453000+00:00,hawk,mai,stella,4,nae,shan,katie,5
2026-02-16T00:56:52.681000+00:00,kami,toph,shan,5,akil,wraith,anon,2
2026-02-16T00:56:57.871000+00:00,shan,toph,akil,5,kami,wraith,anon,1
2026-02-16T01:02:50.385000+00:00,shan,toph,akil,2,kami,wraith,anon,5
2026-02-16T01:10:29.021000+00:00,kami,toph,shan,5,wraith,gentle,akil,3
2026-02-16T01:20:29.427000+00:00,kami,toph,shan,3,pikeman,wraith,gentle,5
2026-02-16T01:25:34.221000+00:00,shan,toph,kami,5,pikeman,wraith,gentle,4
2026-02-16T01:34:41.187000+00:00,pikeman,toph,akil,4,kami,gentle,wraith,5
2026-02-16T01:42:16.771000+00:00,pikeman,toph,akil,0,kami,gentle,wraith,5
2026-02-16T01:45:40.797000+00:00,shan,pikeman,akil,1,kami,gentle,wraith,5
2026-02-16T01:50:42.928000+00:00,shan,wraith,akil,2,kami,gentle,pikeman,5
2026-02-16T01:57:46.515000+00:00,shan,gentle,akil,5,pikeman,toph,wraith,3
2026-02-16T02:01:10.273000+00:00,shan,gentle,anon,5,pikeman,toph,wraith,2
2026-02-16T02:13:30.025000+00:00,shan,gentle,pikeman,3,toph,wraith,anon,5
2026-02-16T02:14:09.612000+00:00,gentle,shan,anon,1,toph,pikeman,wraith,5
2026-02-16T02:20:28.676000+00:00,shan,wraith,nae,5,kami,gentle,anon,2
2026-02-16T02:25:56.487000+00:00,toph,shan,nae,3,kami,gentle,anon,5
2026-02-16T02:31:30.463000+00:00,shan,toph,nae,5,kami,gentle,anon,4
2026-02-16T02:37:28.036000+00:00,shan,toph,nae,5,kami,gentle,anon,4
2026-02-16T03:00:40.877000+00:00,shan,toph,nae,5,gentle,anon,hawk,4
2026-02-16T03:07:18.049000+00:00,shan,toph,nae,3,gentle,anon,hawk,5
2026-02-16T03:15:26.410000+00:00,shan,toph,nae,4,gentle,anon,hawk,5
2026-02-16T23:28:36.210000+00:00,kami,stella,katie,3,jib,popop,ash,5
2026-02-16T23:31:36.167000+00:00,kami,stella,katie,1,jib,popop,ash,5
2026-02-16T23:36:06.713000+00:00,aster,jib,gentle,5,kami,popop,stella,3
2026-02-16T23:43:26.898000+00:00,aster,jib,gentle,4,kami,popop,stella,5
2026-02-16T23:48:46.140000+00:00,aster,jib,gentle,5,kami,ash,katie,1
2026-02-16T23:51:17.037000+00:00,aster,jib,gentle,5,kami,ash,katie,1
2026-02-16T23:58:00.579000+00:00,kami,popop,stella,3,aster,gentle,ash,5
2026-02-17T00:00:37.521000+00:00,kami,popop,stella,1,aster,gentle,ash,5
2026-02-17T00:06:26.756000+00:00,jib,kami,ash,2,aster,popop,katie,5
2026-02-17T00:09:52.520000+00:00,jib,kami,ash,1,aster,popop,katie,5
2026-02-17T00:14:57.583000+00:00,kami,toph,ash,5,gentle,popop,katie,3
2026-02-17T00:21:28.217000+00:00,kami,toph,ash,4,gentle,popop,katie,5
2026-02-17T00:28:19.930000+00:00,kami,toph,ash,4,gentle,popop,katie,5
2026-02-17T00:38:00.790000+00:00,jib,gentle,katie,3,aster,toph,ash,5
2026-02-17T00:38:02.667000+00:00,jib,gentle,katie,5,aster,toph,ash,2
2026-02-17T00:46:41.476000+00:00,aster,toph,anon,4,gentle,ella,katie,5
2026-02-17T00:52:11.442000+00:00,aster,toph,anon,5,gentle,ella,katie,1
2026-02-17T00:57:53.187000+00:00,aster,wraith,anon,5,gentle,ella,katie,2
2026-02-17T01:02:14.088000+00:00,aster,wraith,anon,2,gentle,ella,popop,5
2026-02-17T01:08:49.498000+00:00,aster,wraith,anon,3,kami,toph,ella,5
2026-02-17T01:13:01.462000+00:00,aster,anon,popop,0,kami,toph,ella,5
2026-02-17T01:19:54.467000+00:00,gentle,popop,anon,5,kami,toph,ella,2
2026-02-17T01:24:41.332000+00:00,gentle,popop,anon,3,kami,toph,ella,5
2026-02-17T01:31:12.478000+00:00,gentle,anon,ella,5,kami,popop,toph,4
2026-02-17T01:36:40.203000+00:00,gentle,anon,ella,5,kami,popop,toph,4
2026-02-17T02:59:41.238000+00:00,jib,kami,anon,2,popop,jinsye,mai,5
2026-02-17T02:59:41.803000+00:00,jib,kami,anon,4,popop,jinsye,mai,5
2026-02-17T03:02:39.633000+00:00,kami,toph,anon,5,popop,jinsye,mai,1
2026-02-17T03:08:39.886000+00:00,kami,toph,anon,4,popop,jinsye,mai,5
2026-02-17T03:18:10.719000+00:00,jib,kami,katie,5,toph,anon,mai,2
2026-02-17T03:22:15.179000+00:00,jib,popop,jinsye,5,toph,anon,mai,0
2026-02-17T03:27:28.855000+00:00,jib,popop,mai,2,katie,shan,anon,5
2026-02-17T03:32:21.905000+00:00,jib,popop,mai,4,katie,shan,anon,5
2026-02-17T03:41:17.496000+00:00,jib,popop,jinsye,1,toph,shan,mai,5
2026-02-17T03:41:18.054000+00:00,jib,popop,jinsye,5,toph,shan,mai,0
2026-02-17T03:47:15.953000+00:00,jib,toph,anon,5,shan,jinsye,katie,0
2026-02-17T03:52:09.816000+00:00,jib,toph,anon,5,shan,jinsye,katie,1
2026-02-17T04:05:08.267000+00:00,jib,jinsye,katie,3,shan,popop,neptune,5
2026-02-17T04:10:20.263000+00:00,jib,jinsye,anon,5,shan,popop,akil,1
2026-02-17T04:23:33.324000+00:00,jib,jinsye,anon,5,shan,popop,akil,4
2026-02-17T04:28:14.735000+00:00,jib,jinsye,hawk,5,neptune,shan,akil,3
2026-02-17T12:09:30.414000+00:00,gentle,nae,neptune,5,popop,katie,hawk,0
2026-02-17T12:15:56.799000+00:00,gentle,nae,neptune,3,katie,popop,hawk,5
2026-02-17T12:22:00.589000+00:00,gentle,nae,hawk,5,neptune,shan,popop,0
2026-02-17T12:27:52.382000+00:00,gentle,ash,hawk,3,neptune,shan,popop,5
2026-02-17T12:31:43.884000+00:00,gentle,ash,hawk,5,katie,shan,nae,1
2026-02-17T12:40:27.483000+00:00,gentle,ash,hawk,5,katie,shan,nae,3
2026-02-17T12:45:12.633000+00:00,popop,shan,ash,5,katie,gentle,hawk,4
2026-02-17T12:49:50.333000+00:00,popop,shan,ash,5,katie,gentle,hawk,1
2026-02-17T12:57:26.662000+00:00,shan,gentle,katie,4,baps,popop,ash,5
2026-02-17T13:00:35.894000+00:00,shan,gentle,katie,5,baps,popop,ash,0
2026-02-17T13:05:19.037000+00:00,gentle,baps,hawk,5,shan,popop,katie,3
2026-02-17T13:11:20.306000+00:00,gentle,baps,hawk,2,shan,popop,katie,5
2026-02-17T17:40:48.893000+00:00,gentle,kaiferno,nae,4,jib,popop,neptune,5
2026-02-17T17:47:21.690000+00:00,kami,gentle,nae,5,jib,popop,jinsye,3
2026-02-17T17:54:10.344000+00:00,jib,gentle,kaiferno,5,kami,popop,jinsye,2
2026-02-17T17:58:48.660000+00:00,jib,popop,neptune,4,kami,jinsye,nae,5
2026-02-17T18:05:58.811000+00:00,jib,popop,neptune,5,kami,jinsye,nae,3
2026-02-17T18:09:40.415000+00:00,jib,popop,gentle,5,kami,wraith,jinsye,2
2026-02-17T18:15:12.635000+00:00,jib,popop,gentle,5,kami,kaiferno,nae,2
2026-02-17T18:21:00.218000+00:00,gentle,jinsye,nae,5,jib,kami,kaiferno,3
2026-02-17T18:33:05.041000+00:00,jib,gentle,neptune,5,kami,popop,nae,2
2026-02-17T18:39:46.118000+00:00,jib,gentle,baps,5,shan,popop,nae,3
2026-02-17T18:45:33.004000+00:00,jib,gentle,baps,3,shan,popop,nae,5
2026-02-17T18:53:26.140000+00:00,gentle,popop,neptune,5,kami,baps,nae,4
2026-02-17T23:53:47.286000+00:00,kami,gentle,shan,5,pikeman,toph,stella,3
2026-02-17T23:57:56.640000+00:00,kami,gentle,shan,2,pikeman,toph,stella,5
2026-02-18T00:01:22.677000+00:00,kami,gentle,kaiferno,5,pikeman,jib,stella,1
2026-02-18T00:05:26.476000+00:00,kami,gentle,jib,5,pikeman,kaiferno,stella,2
2026-02-18T00:14:13.600000+00:00,shan,toph,pikeman,5,kami,gentle,jib,1
2026-02-18T00:14:14.140000+00:00,shan,toph,pikeman,1,kami,gentle,jib,5
2026-02-18T00:29:15.942000+00:00,shan,toph,stella,5,pikeman,kaiferno,jib,3
2026-02-18T00:29:16.489000+00:00,shan,toph,stella,5,pikeman,kaiferno,jib,1
2026-02-18T00:43:02.267000+00:00,shan,toph,kami,5,pikeman,gentle,kaiferno,1
2026-02-18T00:43:09.710000+00:00,shan,ella,kami,3,pikeman,gentle,jib,5
2026-02-18T00:49:25.954000+00:00,pikeman,gentle,jib,2,kami,toph,ella,5
2026-02-18T00:52:22.423000+00:00,pikeman,gentle,jib,1,kami,toph,ella,5
2026-02-18T00:59:05.034000+00:00,gentle,pikeman,kaiferno,4,kami,toph,ella,5
2026-02-18T01:07:38.754000+00:00,gentle,ella,pikeman,5,kaiferno,toph,ash,2
2026-02-18T01:13:43.988000+00:00,gentle,pikeman,ella,5,jib,toph,ash,0
2026-02-18T17:41:54.683000+00:00,kaiferno,baps,neptune,2,aster,popop,pikeman,5
2026-02-18T17:50:42.053000+00:00,kaiferno,baps,neptune,5,aster,popop,pikeman,4
2026-02-18T18:01:14.131000+00:00,baps,toph,hawk,1,aster,popop,pikeman,5
2026-02-18T18:12:00.023000+00:00,baps,gentle,hawk,2,aster,popop,pikeman,5
2026-02-18T18:12:00.952000+00:00,baps,gentle,hawk,2,aster,popop,pikeman,5
2026-02-18T18:16:17.607000+00:00,gentle,baps,hawk,2,aster,ash,pikeman,5
2026-02-18T18:19:28.406000+00:00,gentle,baps,hawk,5,aster,ash,pikeman,1
2026-02-18T18:26:41.894000+00:00,gentle,baps,hawk,5,aster,ash,pikeman,2
2026-02-18T18:38:11.655000+00:00,gentle,baps,hawk,4,aster,ash,popop,5
2026-02-18T18:38:12.840000+00:00,gentle,baps,hawk,3,aster,ash,popop,5
2026-02-18T18:50:19.912000+00:00,gentle,popop,neptune,5,aster,baps,hawk,2
2026-02-18T18:50:47.577000+00:00,gentle,popop,ash,5,aster,baps,hawk,1
2026-02-18T18:53:22.812000+00:00,gentle,popop,ash,5,aster,baps,hawk,1
2026-02-18T19:01:07.393000+00:00,gentle,pikeman,ash,3,baps,aster,hawk,5
2026-02-18T19:05:54.506000+00:00,gentle,pikeman,ash,5,baps,aster,hawk,0
2026-02-18T19:13:41.050000+00:00,gentle,pikeman,ash,3,baps,aster,popop,5
2026-02-18T19:26:06.592000+00:00,gentle,pikeman,ash,4,baps,aster,popop,5
2026-02-18T21:29:21.811000+00:00,gentle,eri,ash,5,popop,katie,hawk,3
2026-02-18T21:29:22.319000+00:00,gentle,eri,ash,5,popop,katie,hawk,3
2026-02-18T22:37:41.695000+00:00,kaiferno,gentle,hawk,5,kami,jinsye,ash,2
2026-02-18T22:43:09.153000+00:00,kaiferno,gentle,hawk,5,kami,jinsye,ash,4
2026-02-18T22:46:25.259000+00:00,gentle,katie,ash,0,kaiferno,jinsye,hawk,5
2026-02-18T22:51:08.748000+00:00,gentle,hawk,katie,2,kaiferno,jinsye,ash,5
2026-02-18T22:56:54.077000+00:00,gentle,hawk,katie,5,aster,jinsye,ash,3
2026-02-18T23:01:16.971000+00:00,gentle,jinsye,hawk,5,aster,ella,ash,2
2026-02-18T23:07:18.325000+00:00,gentle,jinsye,hawk,5,aster,ella,ash,2
2026-02-19T00:48:42.546000+00:00,gentle,kaiferno,stella,1,jib,ella,shan,5
2026-02-19T00:55:51.822000+00:00,gentle,kaiferno,stella,0,jib,ella,aster,5
2026-02-19T01:02:12.390000+00:00,kaiferno,gentle,stella,1,jib,ella,aster,5
2026-02-19T01:06:52.775000+00:00,gentle,kaiferno,akil,2,aster,ella,shan,5
2026-02-19T01:17:06.381000+00:00,jib,gentle,akil,4,aster,ella,shan,5
2026-02-19T01:24:10.367000+00:00,aster,gentle,kami,2,jib,akil,kaiferno,5
2026-02-19T01:39:16.786000+00:00,aster,gentle,kami,5,jib,akil,kaiferno,3
2026-02-19T01:39:46.929000+00:00,shan,toph,kami,2,jib,kaiferno,gentle,5
2026-02-19T01:44:28.478000+00:00,shan,toph,kami,5,jib,kaiferno,gentle,1
2026-02-19T01:54:15.502000+00:00,aster,toph,anon,5,jib,kaiferno,kami,1
2026-02-19T13:45:38.514000+00:00,eri,popop,katie,5,gentle,nae,hawk,3
2026-02-19T13:51:48.407000+00:00,eri,popop,katie,5,gentle,kami,hawk,1
2026-02-19T19:34:37.239000+00:00,jib,gentle,mai,5,hawk,popop,shan,2
2026-02-19T19:34:39.088000+00:00,jib,gentle,mai,5,hawk,popop,shan,4
2026-02-19T19:44:13.253000+00:00,gentle,katie,mai,3,aster,popop,hawk,5
2026-02-19T19:44:14.396000+00:00,gentle,katie,mai,4,aster,popop,hawk,5
2026-02-19T19:57:08.323000+00:00,jib,aster,katie,3,gentle,popop,ash,5
2026-02-19T19:57:09.489000+00:00,jib,aster,katie,5,gentle,popop,ash,2
2026-02-19T20:04:56.427000+00:00,jib,hawk,ash,4,aster,gentle,mai,5
2026-02-19T20:12:34.051000+00:00,jib,katie,ash,5,aster,popop,mai,2
2026-02-19T20:18:08.622000+00:00,ash,jib,katie,5,mai,aster,popop,4
2026-02-19T20:23:16.698000+00:00,katie,shan,popop,5,mai,wraith,aster,4
2026-02-19T20:28:48.506000+00:00,shan,popop,kaite,5,wraith,mai,aster,4
2026-02-19T20:38:16.292000+00:00,jib,shan,katie,3,aster,wraith,ash,5
2026-02-19T20:40:17.474000+00:00,jib,hawk,mai,5,shan,katie,ash,1
2026-02-19T20:47:05.085000+00:00,jib,hawk,mai,4,shan,katie,ash,5
2026-02-19T20:50:23.657000+00:00,shan,ash,katie,5,kami,hawk,mai,3
2026-02-19T20:57:43.598000+00:00,shan,ash,katie,4,kami,hawk,mai,5
2026-02-19T21:03:21.829000+00:00,shan,wraith,ash,4,kami,hawk,mai,5
2026-02-19T22:06:57.942000+00:00,kaiferno,shan,hawk,1,gentle,jinsye,mai,5
2026-02-19T22:06:59.046000+00:00,kaiferno,shan,hawk,0,gentle,jinsye,mai,5
2026-02-19T22:07:30.082000+00:00,hawk,wraith,shan,5,gentle,jinsye,anon,2
2026-02-19T22:25:18.323000+00:00,shan,wraith,hawk,5,gentle,jinsye,anon,4
2026-02-19T22:25:51.701000+00:00,kaiferno,wraith,mai,3,gentle,anon,jinsye,5
2026-02-19T22:27:49.288000+00:00,kaiferno,wraith,mai,3,gentle,anon,jinsye,5
2026-02-19T22:38:08.034000+00:00,kaiferno,mai,shan,5,gentle,anon,hawk,3
2026-02-19T22:38:08.570000+00:00,kaiferno,mai,shan,5,gentle,anon,hawk,2
2026-02-19T22:46:42.378000+00:00,katie,jinsye,shan,1,gentle,hawk,mai,5
2026-02-19T22:46:47.982000+00:00,shan,jinsye,katie,5,gentle,hawk,mai,2
2026-02-19T22:52:06.332000+00:00,gentle,anon,mai,2,katie,baps,jinsye,5
2026-02-19T22:59:00.270000+00:00,gentle,baps,mai,5,katie,jinsye,anon,4
2026-02-19T23:11:51.221000+00:00,hawk,jinsye,shan,3,gentle,baps,anon,5
2026-02-19T23:11:51.743000+00:00,hawk,jinsye,shan,4,gentle,baps,anon,5
2026-02-19T23:18:53.376000+00:00,shan,hawk,katie,1,gentle,baps,mai,5
2026-02-19T23:22:58.925000+00:00,gentle,baps,mai,5,eri,katie,hawk,3
2026-02-19T23:27:54.043000+00:00,gentle,mai,hawk,2,baps,eri,katie,5
2026-02-19T23:33:27.234000+00:00,gentle,hawk,mai,5,baps,pikeman,katie,1
2026-02-19T23:42:49.501000+00:00,gentle,pikeman,katie,5,kami,baps,akil,2
2026-02-19T23:47:03.274000+00:00,gentle,pikeman,stella,1,kami,baps,akil,5
2026-02-19T23:51:11.845000+00:00,gentle,pikeman,stella,5,kami,baps,hawk,2
2026-02-19T23:54:30.937000+00:00,pikeman,hawk,stella,5,kami,baps,katie,1
2026-02-20T00:03:48.206000+00:00,kami,pikeman,stella,4,baps,hawk,katie,5
2026-02-20T00:09:34.205000+00:00,kami,gentle,akil,5,baps,pikeman,katie,3
2026-02-20T00:15:45.600000+00:00,gentle,stella,akil,5,kami,pikeman,katie,1
2026-02-20T00:21:51.314000+00:00,gentle,stella,akil,3,kami,pikeman,hawk,5
2026-02-20T00:25:10.093000+00:00,gentle,akil,ash,1,kami,pikeman,hawk,5
2026-02-20T00:31:56.505000+00:00,kaiferno,katie,ash,2,kami,hawk,stella,5
2026-02-20T00:38:34.346000+00:00,pikeman,katie,ash,3,kami,hawk,stella,5
2026-02-20T01:55:25.227000+00:00,kami,toph,hawk,5,gentle,aster,akil,4
2026-02-20T01:55:25.949000+00:00,kami,toph,hawk,4,gentle,aster,akil,5
2026-02-20T02:02:08.290000+00:00,toph,anon,hawk,2,aster,ash,gentle,5
2026-02-20T02:08:12.094000+00:00,kaiferno,anon,hawk,4,aster,gentle,ash,5
2026-02-20T02:13:43.208000+00:00,kaiferno,anon,hawk,5,aster,gentle,ash,0
